{
  "axes": [
    {
      "scale": "x",
      "title": "Index",
      "type": "x"
    },
    {
      "scale": "y",
      "title": "Value",
      "type": "y"
    }
  ],
  "data": [
    {
      "name": "table",
      "values": [
        {
          "col": "y1",
          "idx": 0,
          "val": 35
        },
        {
          "col": "y1",
          "idx": 1,
          "val": 21
        },
        {
          "col": "y1",
          "idx": 2,
          "val": 61
        },
        {
          "col": "y1",
          "idx": 3,
          "val": 84
        },
        {
          "col": "y1",
          "idx": 4,
          "val": 51
        },
        {
          "col": "y1",
          "idx": 5,
          "val": 34
        },
        {
          "col": "y1",
          "idx": 6,
          "val": 27
        },
        {
          "col": "y1",
          "idx": 7,
          "val": 28
        },
        {
          "col": "y1",
          "idx": 8,
          "val": 30
        },
        {
          "col": "y1",
          "idx": 9,
          "val": 75
        },
        {
          "col": "y1",
          "idx": 10,
          "val": 63
        },
        {
          "col": "y1",
          "idx": 11,
          "val": 77
        },
        {
          "col": "y1",
          "idx": 12,
          "val": 50
        },
        {
          "col": "y1",
          "idx": 13,
          "val": 77
        },
        {
          "col": "y1",
          "idx": 14,
          "val": 44
        },
        {
          "col": "y1",
          "idx": 15,
          "val": 46
        },
        {
          "col": "y1",
          "idx": 16,
          "val": 60
        },
        {
          "col": "y1",
          "idx": 17,
          "val": 49
        },
        {
          "col": "y1",
          "idx": 18,
          "val": 67
        },
        {
          "col": "y1",
          "idx": 19,
          "val": 95
        },
        {
          "col": "y1",
          "idx": 20,
          "val": 50
        },
        {
          "col": "y2",
          "idx": 0,
          "val": 80
        },
        {
          "col": "y2",
          "idx": 1,
          "val": 75
        },
        {
          "col": "y2",
          "idx": 2,
          "val": 91
        },
        {
          "col": "y2",
          "idx": 3,
          "val": 89
        },
        {
          "col": "y2",
          "idx": 4,
          "val": 37
        },
        {
          "col": "y2",
          "idx": 5,
          "val": 39
        },
        {
          "col": "y2",
          "idx": 6,
          "val": 40
        },
        {
          "col": "y2",
          "idx": 7,
          "val": 77
        },
        {
          "col": "y2",
          "idx": 8,
          "val": 54
        },
        {
          "col": "y2",
          "idx": 9,
          "val": 57
        },
        {
          "col": "y2",
          "idx": 10,
          "val": 93
        },
        {
          "col": "y2",
          "idx": 11,
          "val": 81
        },
        {
          "col": "y2",
          "idx": 12,
          "val": 25
        },
        {
          "col": "y2",
          "idx": 13,
          "val": 82
        },
        {
          "col": "y2",
          "idx": 14,
          "val": 24
        },
        {
          "col": "y2",
          "idx": 15,
          "val": 84
        },
        {
          "col": "y2",
          "idx": 16,
          "val": 71
        },
        {
          "col": "y2",
          "idx": 17,
          "val": 83
        },
        {
          "col": "y2",
          "idx": 18,
          "val": 46
        },
        {
          "col": "y2",
          "idx": 19,
          "val": 15
        },
        {
          "col": "y2",
          "idx": 20,
          "val": 89
        },
        {
          "col": "y3",
          "idx": 0,
          "val": 64
        },
        {
          "col": "y3",
          "idx": 1,
          "val": 95
        },
        {
          "col": "y3",
          "idx": 2,
          "val": 24
        },
        {
          "col": "y3",
          "idx": 3,
          "val": 92
        },
        {
          "col": "y3",
          "idx": 4,
          "val": 65
        },
        {
          "col": "y3",
          "idx": 5,
          "val": 44
        },
        {
          "col": "y3",
          "idx": 6,
          "val": 96
        },
        {
          "col": "y3",
          "idx": 7,
          "val": 77
        },
        {
          "col": "y3",
          "idx": 8,
          "val": 44
        },
        {
          "col": "y3",
          "idx": 9,
          "val": 33
        },
        {
          "col": "y3",
          "idx": 10,
          "val": 28
        },
        {
          "col": "y3",
          "idx": 11,
          "val": 60
        },
        {
          "col": "y3",
          "idx": 12,
          "val": 18
        },
        {
          "col": "y3",
          "idx": 13,
          "val": 25
        },
        {
          "col": "y3",
          "idx": 14,
          "val": 36
        },
        {
          "col": "y3",
          "idx": 15,
          "val": 67
        },
        {
          "col": "y3",
          "idx": 16,
          "val": 27
        },
        {
          "col": "y3",
          "idx": 17,
          "val": 44
        },
        {
          "col": "y3",
          "idx": 18,
          "val": 61
        },
        {
          "col": "y3",
          "idx": 19,
          "val": 14
        },
        {
          "col": "y3",
          "idx": 20,
          "val": 82
        },
        {
          "col": "y4",
          "idx": 0,
          "val": 36
        },
        {
          "col": "y4",
          "idx": 1,
          "val": 48
        },
        {
          "col": "y4",
          "idx": 2,
          "val": 52
        },
        {
          "col": "y4",
          "idx": 3,
          "val": 82
        },
        {
          "col": "y4",
          "idx": 4,
          "val": 23
        },
        {
          "col": "y4",
          "idx": 5,
          "val": 56
        },
        {
          "col": "y4",
          "idx": 6,
          "val": 42
        },
        {
          "col": "y4",
          "idx": 7,
          "val": 10
        },
        {
          "col": "y4",
          "idx": 8,
          "val": 13
        },
        {
          "col": "y4",
          "idx": 9,
          "val": 71
        },
        {
          "col": "y4",
          "idx": 10,
          "val": 99
        },
        {
          "col": "y4",
          "idx": 11,
          "val": 42
        },
        {
          "col": "y4",
          "idx": 12,
          "val": 90
        },
        {
          "col": "y4",
          "idx": 13,
          "val": 14
        },
        {
          "col": "y4",
          "idx": 14,
          "val": 27
        },
        {
          "col": "y4",
          "idx": 15,
          "val": 87
        },
        {
          "col": "y4",
          "idx": 16,
          "val": 47
        },
        {
          "col": "y4",
          "idx": 17,
          "val": 86
        },
        {
          "col": "y4",
          "idx": 18,
          "val": 19
        },
        {
          "col": "y4",
          "idx": 19,
          "val": 45
        },
        {
          "col": "y4",
          "idx": 20,
          "val": 60
        }
      ]
    }
  ],
  "height": 500,
  "legends": [
    {
      "fill": "color",
      "offset": 0,
      "properties": {},
      "title": "Categories"
    }
  ],
  "marks": [
    {
      "from": {
        "data": "table",
        "transform": [
          {
            "keys": [
              "data.col"
            ],
            "type": "facet"
          }
        ]
      },
      "marks": [
        {
          "properties": {
            "enter": {
              "stroke": {
                "field": "data.col",
                "scale": "color"
              },
              "strokeWidth": {
                "value": 2
              },
              "x": {
                "field": "data.idx",
                "scale": "x"
              },
              "y": {
                "field": "data.val",
                "scale": "y"
              }
            }
          },
          "type": "line"
        }
      ],
      "type": "group"
    }
  ],
  "padding": "auto",
  "scales": [
    {
      "domain": {
        "data": "table",
        "field": "data.idx"
      },
      "name": "x",
      "range": "width",
      "type": "linear"
    },
    {
      "domain": {
        "data": "table",
        "field": "data.val"
      },
      "name": "y",
      "nice": true,
      "range": "height"
    },
    {
      "domain": {
        "data": "table",
        "field": "data.col"
      },
      "name": "color",
      "range": "category20",
      "type": "ordinal"
    }
  ],
  "width": 960
}